,1,2,3,4
Bahrain-20/3/2022,,,,,,,,,,,,,,,,,,,,,,,,,,,,,,
Saudi_Arabia-27/3/2022,,,,,,,,,,,,,,,,,,,,,,,,,,,,,,
Australia-10/4/2022,,,,,,,,,,,,,,,,,,,,,,,,,,,,,,
Imola-24/4/2022,,,,,,,,,,,,,,,,,,,,,,,,,,,,,,
Miami-8/5/2022,,,,,,,,,,,,,,,,,,,,,,,,,,,,,,
Spain-22/5/2022,,,,,,,,,,,,,,,,,,,,,,,,,,,,,,
Monaco-29/5/2022,,,,,,,,,,,,,,,,,,,,,,,,,,,,,,
Azerbaijan-12/6/2022,,,,,,,,,,,,,,,,,,,,,,,,,,,,,,
Canada-19/6/2022,,,,,,,,,,,,,,,,,,,,,,,,,,,,,,
Great_Britain-3/7/2022,,,,,,,,,,,,,,,,,,,,,,,,,,,,,,
Austria-10/7/2022,,,,,,,,,,,,,,,,,,,,,,,,,,,,,,
France-24/7/2022,,,,,,,,,,,,,,,,,,,,,,,,,,,,,,
Hungary-31/7/2022,,,,,,,,,,,,,,,,,,,,,,,,,,,,,,
Belgium-28/8/2022,,,,,,,,,,,,,,,,,,,,,,,,,,,,,,
Netherlands-4/9/2022,,,,,,,,,,,,,,,,,,,,,,,,,,,,,,
Italy-11/9/2022,,,,,,,,,,,,,,,,,,,,,,,,,,,,,,
Russia-25/9/2022,,,,,,,,,,,,,,,,,,,,,,,,,,,,,,
Singapore-2/10/2022,,,,,,,,,,,,,,,,,,,,,,,,,,,,,,
Japan-9/10/2022,,,,,,,,,,,,,,,,,,,,,,,,,,,,,,
United_States-23/10/2022,,,,,,,,,,,,,,,,,,,,,,,,,,,,,,
Mexico-30/10/2022,,,,,,,,,,,,,,,,,,,,,,,,,,,,,,
Brazil-13/11/2022,,,,,,,,,,,,,,,,,,,,,,,,,,,,,,
Abu_Dhabi-20/11/2022,,,,,,,,,,,,,,,,,,,,,,,,,,,,,,
